{
    "name": "Saleor App",
    "version": "1.0.0",
    "about": "",
    "dataPrivacy": "",
    "dataPrivacyUrl": "",
    "homepageUrl": "https://example.com/homepage",
    "supportUrl": "https://example.com/support",
    "id": "sample-app",
    "permissions": [
        "MANAGE_PRODUCTS",
        "MANAGE_ORDERS"
    ],
    "appUrl": "https://example.com/app",
    "extensions": [
      {
        "label": "Create with Sample app",
        "mount": "PRODUCT_OVERVIEW_CREATE",
        "target": "POPUP",
        "permissions": [
            "MANAGE_PRODUCTS"
        ],
        "url": "https://example.com/extension/"
      },
      {
        "label": "Create with App and redirect",
        "mount": "PRODUCT_OVERVIEW_MORE_ACTIONS",
        "target": "APP_PAGE",
        "permissions": [
            "MANAGE_PRODUCTS"
        ],
        "url": "/extension/redirect"
      }
    ],
    "configurationUrl": "https://example.com/configuration/",
    "tokenTargetUrl": "https://example.com/configuration/install"
}
